Genre_origine;Genre1;Genre2
rock;rock;
pop;pop;
dance pop;pop;electro
rap;rap;
hip hop;rap;
pop rap;rap;pop
pop rock;rock;pop
modern rock;rock;
country rock;rock;country
urban contemporary;rap;
folk rock;rock;folk
latin;latino;
soft rock;rock;
trap;rap;
mellow gold;country;
funk;r&b;soul
classic rock;rock;classical
adult standards;classical;
pop dance;pop;electro
indie pop;rock;pop
album rock;rock;
southern hip hop;rap;
alternative rock;rock;
indie rock;rock;
gangster rap;rap;
alternative metal;metal;
country;country;
new wave pop;pop;
regional mexican;latino;
soul;soul;
r&b;r&b;
post-teen pop;pop;
tropical;latino;
quiet storm;r&b;
folk;folk;
hard rock;rock;
art rock;rock;
dance rock;rock;electro
classical performance;classical;
roots rock;rock;
edm;electro;
brill building pop;pop;
indie folk;rock;folk
electropop;electro;pop
contemporary country;country;
hip pop;rap;
underground hip hop;rap;
blues rock;rock;blues
corrido;latino;
stomp and holler;country;
motown;blues;
classic soul;classical;soul
punk;rock;
latin pop;pop;
show tunes;pop;
new wave;rock;pop
traditional folk;folk;
disco;pop;
nu metal;metal;
country road;country;
hardcore hip hop;rap;
pop punk;pop;rock
cool jazz;jazz;
new jack swing;r&b;rap
neo soul;soul;
hollywood;rap;
lounge;pop;
classical;classical;
rock-and-roll;rock;
bebop;jazz;
neo mellow;rock;
modern alternative rock;rock;
psychedelic rock;rock;electro
alternative hip hop;rap;
jazz;jazz;
reggaeton;reggae;
new romantic;pop;
new americana;pop;
dirty south rap;rap;
soul jazz;jazz;soul
metal;metal;
classic uk pop;classical;pop
vocal jazz;jazz;
electro house;electro;electro
contemporary post-bop;jazz;
indie poptimism;rock;pop
tropical house;electro;
nuevo regional mexicano;latino;
latin hip hop;latino;rap
hard bop;jazz;blues
bubblegum pop;pop;
filmi;classical;folk
electronica;electro;
jazz funk;r&b;jazz
trap latino;rap;latino
post-disco;pop;
movie tunes;classical;
big band;jazz;
ccm;pop;
worship;classical;
rock en espanol;rock;
christian music;classical;
alternative r&b;r&b;
east coast hip hop;rap;
art pop;pop;
southern soul;soul;
broadway;jazz;
europop;pop;
atl hip hop;rap;
jazz fusion;jazz;
opera;classical;
orchestral performance;classical;
lilith;pop;country
easy listening;chill;
rhythm and blues;blues;
rap rock;rock;rap
freak folk;folk;
blues;blues;
swing;jazz;
alternative dance;electro;
christian alternative rock;rock;
indie soul;rock;soul
dance-punk;rock;electro
singer-songwriter;pop;
emo;rock;
salsa;latino;
reggae;reggae;
permanent wave;rock;
pop r&b;pop;r&b
post-punk;rock;
modern country rock;rock;country
stride;jazz;
c-pop;pop;
norteno;latino;
latin alternative;latino;
rockabilly;rock;
electric blues;blues;
vapor trap;rap;
alternative country;country;
new rave;electro;rock
ska;reggae;
emo rap;rap;
pub rock;rock;
comic;classical;
classical piano;classical;
gospel;blues;
hip house;electro;
doo-wop;r&b;
texas country;country;
post-grunge;rock;
experimental;electro;
anthem worship;blues;
screamo;rock;
indie garage rock;rock;
glam metal;metal;
merseybeat;rock;
post-hardcore;metal;
roots reggae;reggae;
jam band;rock;
soundtrack;pop;
latin rock;rock;
skate punk;rock;
reggaeton flow;reggae;
synthpop;pop;
latin jazz;jazz;
indiecoustica;pop;rock
bossa nova;jazz;
smooth jazz;jazz;
jazz saxophone;jazz;
orchestra;classical;
acoustic pop;pop;
viral pop;pop;
traditional blues;blues;
metalcore;metal;
progressive bluegrass;country;
sleep;chill;
yacht rock;rock;
indietronica;electro;rock
electro;electro;
classic bollywood;classical;
melodic metalcore;metal;
progressive house;electro;
symphonic rock;rock;
uk post-punk;rock;
children's music;chill;
chillwave;chill;
country pop;country;pop
world worship;blues;
classical soprano;classical;
compositional ambient;chill;
melodic rap;rap;
sufi;chill;
deep regional mexican;latino;
grupera;latino;
otacore;electro;
banda;latino;
redneck;country;
cali rap;rap;
big room;electro;
disney;pop;
pop edm;pop;electro
sad rap;rap;
mpb;latino;
vapor soul;soul;
rock steady;rock;
turntablism;rap;
industrial metal;metal;
k-pop;pop;
heartland rock;rock;
social media pop;pop;
power pop;pop;
scorecore;electro;
west coast rap;rap;
house;electro;
outlaw country;country;
classic mandopop;classical;pop
conscious hip hop;rap;
classic soundtrack;classical;
escape room;rap;
shimmer pop;pop;
salsa international;latino;
new age;electro;rock
mexican pop;pop;
country dawn;country;
modern blues rock;rock;blues
modern bollywood;pop;
melancholia;chill;
lo-fi beats;electro;
bluegrass;country;
lovers rock;rock;
old school hip hop;rap;
progressive rock;rock;
chanson;pop;
metropopolis;pop;
samba;latino;
trip hop;rap;electro
dub;reggae;
indie cafe pop;rock;pop
ranchera;latino;
dark trap;rap;
hardcore punk;rock;
anti-folk;folk;
southern rock;rock;
desi pop;pop;
punk blues;blues;rock
classic garage rock;rock;classical
neon pop punk;pop;rock
deep new americana;rock;
west coast trap;rap;
ska punk;reggae;rock
piano rock;rock;
cumbia sonidera;latino;
environmental;classical;
modern blues;blues;
classic country pop;classical;country
nu gaze;rock;
eurodance;electro;
free jazz;jazz;
jazz piano;jazz;
mandopop;pop;
appalachian folk;folk;
g funk;r&b;soul
nu jazz;jazz;
post-romantic era;classical;
disco house;electro;pop
british blues;blues;
lo-fi;electro;
old-time;folk;
bolero;latino;
latin christian;latino;
early modern classical;classical;
opm;pop;latino
tejano;pop;rock
reggae fusion;reggae;
crunk;rap;
latin arena pop;pop;
chicago rap;rap;
classic cantopop;classical;pop
pop romantico;pop;
alternative pop;pop;
downtempo;electro;chill
velha guarda;r&b;
garage rock;rock;
electronic trap;electro;rap
dancehall;reggae;
melodic hardcore;metal;
country rap;country;rap
sierreno;latino;pop
gruperas inmortales;pop;
funk metal;r&b;metal
avant-garde jazz;jazz;
protopunk;rock;
mariachi;latino;
christian rock;rock;
australian pop;pop;
british invasion;rock;
spanish pop;pop;
industrial rock;rock;
alternative emo;rock;
boy band;pop;
jazz trumpet;jazz;
indie r&b;rock;r&b
grunge;rock;
glam rock;rock;
pop emo;pop;rock
contemporary jazz;jazz;
indie anthem-folk;rock;folk
classic italian pop;classical;pop
freakbeat;rock;
uk pop;pop;
canadian indie;rock;
christian pop;pop;
canadian pop;pop;
meme rap;rap;
gbvfi;rock;pop
chillhop;chill;
merengue;latino;
britpop;pop;
chicano rap;rap;
big beat;electro;
american folk revival;folk;
late romantic era;classical;
progressive electro house;electro;electro
jawaiian;reggae;
jazz guitar;jazz;
old school dancehall;reggae;
hyphy;rap;
latin worship;latino;
ghazal;folk;pop
comedy;pop;
background music;chill;
sophisti-pop;pop;
classic canadian rock;rock;classical
chamber psych;rock;pop
indie punk;rock;
rebetiko;rock;
chamber pop;pop;
french pop;pop;
celtic;folk;soul
hawaiian;reggae;jazz
acoustic blues;blues;
j-poprock;rock;pop
dream pop;pop;
choral;classical;
philly soul;soul;
death metal;metal;
reggae rock;rock;reggae
world;jazz;folk
power metal;metal;
j-pop;pop;
trance;electro;
trap queen;rap;
folk-pop;folk;pop
shoegaze;rock;
progressive trance;electro;
la indie;rock;
rap metal;rap;metal
classical bass;classical;
cantopop;pop;
early music;classical;
video game music;electro;
neo-psychedelic;metal;electro
historic orchestral performance;classical;
argentine rock;rock;
classical tenor;classical;
old school thrash;metal;
torch song;chill;
nashville sound;pop;country
modern funk;r&b;soul
violin;classical;
afropop;pop;
jazz blues;blues;jazz
bow pop;pop;
vapor twitch;electro;
dreamo;rock;
bubblegum dance;electro;
dominican pop;pop;
chicago blues;blues;
industrial;electro;
ambient;chill;
experimental rock;rock;
thrash metal;metal;
uplifting trance;electro;
indian classical;classical;
exotica;pop;
underground rap;rap;
afrobeat;jazz;r&b
gothic rock;rock;
nueva cancion;folk;
vintage chanson;pop;
mexican rock-and-roll;rock;
space age pop;pop;
pixie;rock;
australian rock;rock;
red dirt;country;
girl group;pop;
funk rock;r&b;rock
freestyle;latino;
cantautor;pop;
banjo;blues;
neo-classical;classical;
british folk;folk;
post-screamo;rock;metal
focus;chill;
contemporary gospel;blues;
italian adult pop;pop;
miami hip hop;rap;
baroque pop;pop;
vocal house;electro;
candy pop;pop;
country blues;blues;country
indie electropop;rock;electro
classic opm;pop;
bachata;reggae;latino
trap soul;rap;soul
vintage chinese pop;pop;
traditional country;country;
viral rap;rap;
oklahoma country;country;
groove metal;metal;
neo classical metal;metal;classical
deep indian pop;pop;
bedroom pop;pop;
ragtime;blues;jazz
meditation;chill;
deep adult standards;classical;
vintage jazz;jazz;
bronx hip hop;rap;
mexican rock;rock;
folk punk;folk;rock
rumba;latino;
perreo;reggae;
chamber orchestra;classical;
noise pop;pop;
irish folk;folk;
beatlesque;rock;pop
fourth world;electro;
bass trap;rap;
corridos tumbados;rap;
future bass;electro;
memphis soul;soul;
anime;pop;
deep house;electro;
brostep;electro;
jazz drums;jazz;
modern reggae;reggae;
canadian rock;rock;
uk dance;electro;
post-rock;rock;
queens hip hop;rap;
british orchestra;classical;
salsa puertorriquena;jazz;latino
canzone napoletana;folk;jazz
zolo;rock;
vintage italian pop;pop;
australian dance;electro;
ninja;electro;rap
new orleans jazz;jazz;
roots worship;folk;
anime score;electro;
jazz trio;jazz;
gaming edm;electro;
surf music;rock;
vocal harmony group;classical;
calming instrumental;chill;
houston rap;rap;
modern folk rock;rock;folk
ecm-style jazz;jazz;
japanese city pop;pop;
roots americana;folk;blues
christmas instrumental;pop;
indie pop rap;rock;rap
praise;classical;
memphis hip hop;rap;
cumbia;latino;
operatic pop;pop;
vintage hollywood;rock;
swedish pop;pop;
speed metal;metal;
sleaze rock;rock;
italian tenor;classical;pop
northern soul;soul;
atl trap;rap;
baroque;classical;
rock nacional;rock;
epicore;metal;
filter house;electro;
anthem emo;rock;
oi;rock;
banda caliente;latino;
drone;chill;classical
deep underground hip hop;rap;
christian relaxative;chill;classical
canadian singer-songwriter;pop;
preschool children's music;chill;
bachata dominicana;latino;
hungarian classical performance;classical;
australian indie;rock;
historically informed performance;classical;
philly rap;rap;
american classical piano;classical;
boston rock;rock;
chicago house;electro;
deathcore;metal;
cartoon;pop;
diva house;electro;
neo-synthpop;pop;
library music;chill;
tin pan alley;pop;
classical mezzo-soprano;classical;
free improvisation;jazz;
dark wave;pop;rock
celtic rock;rock;
historic piano performance;classical;
british soul;soul;
french romanticism;chill;
avant-garde;electro;classical
new age piano;chill;
nyc rap;rap;
calypso;latino;
louisiana blues;blues;
white noise;electro;
sound;rock;pop
political hip hop;rap;
deep big room;electro;
rare groove;jazz;
k-pop boy group;pop;
afrofuturism;jazz;r&b
nu disco;pop;
ska revival;reggae;rock
j-rock;rock;
antiviral pop;pop;
brazilian jazz;jazz;
intelligent dance music;electro;
space rock;rock;
soul blues;blues;soul
musica tradicional cubana;latino;
pagode;latino;
vintage tango;latino;
stoner rock;rock;
hi-nrg;electro;
classical cello;classical;
thrash core;metal;
jangle pop;pop;
wrestling;rock;rap
deep ccm;pop;rock
modern ska punk;rock;reggae
harlem renaissance;jazz;blues
la pop;pop;
american modern classical;classical;
new jersey rap;rap;
classical era;classical;
dixieland;jazz;
korean pop;pop;
french classical piano;classical;
tamil pop;pop;
souldies;soul;
instrumental rock;rock;
contemporary classical;classical;
dirty texas rap;rap;
canadian hip hop;rap;
american orchestra;classical;
vintage italian soundtrack;pop;
jazz double bass;jazz;
philly indie;classical;jazz
tecnobanda;latino;
poetry;chill;
cowboy western;country;
delta blues;blues;
water;classical;
oakland hip hop;rap;
chill r&b;chill;r&b
indie surf;rock;
progressive post-hardcore;metal;
gymcore;metal;
indie jazz;rock;jazz
experimental pop;pop;
bubblegrunge;rock;
musica popular colombiana;pop;
jazz quartet;jazz;
healing;chill;
jazz rap;rap;jazz
swedish jazz;jazz;
cancion melodica;latino;classical
progressive metal;metal;
deep disco;pop;electro
contemporary vocal jazz;jazz;
impressionism;classical;
german romanticism;classical;chill
double drumming;rock;
canadian contemporary r&b;r&b;
novelty;chill;
french rock;rock;
chicago soul;soul;
country gospel;country;blues
nyc pop;pop;
italian bass;electro;
minneapolis sound;r&b;rock
microhouse;electro;
boogaloo;latino;rock
jump blues;blues;
duranguense;latino;
british choir;classical;
orgcore;metal;
early romantic era;chill;
texas blues;blues;
jazz trombone;jazz;
classic pakistani pop;classical;pop
new orleans blues;blues;
classify;pop;
sunshine pop;pop;
piano blues;blues;
bluegrass gospel;blues;country
k-pop girl group;pop;
cosmic american;folk;
native american;folk;
brooklyn indie;jazz;rock
classical baritone;classical;
instrumental funk;r&b;soul
kirtan;classical;
c86;pop;rock
punk 'n' roll;rock;
classic girl group;classical;
arkansas country;country;
italian disco;pop;
smooth saxophone;jazz;chill
drill;rap;
riot grrrl;metal;
puerto rican pop;pop;
southern soul blues;blues;soul
canadian metal;metal;
garage psych;rock;r&b
korean r&b;r&b;
canadian country;country;
laiko;pop;
classical organ;classical;
classic venezuelan pop;classical;pop
k-rap;rap;
hardcore;metal;
italian romanticism;classical;
modern hard rock;rock;
crossover thrash;metal;
shamanic;classical;chill
abstract hip hop;rap;
supergroup;rock;jazz
steampunk;rock;
psychedelic soul;soul;
harmonica blues;blues;
deep christian rock;rock;
ethereal wave;chill;rock
tango;latino;
italian soprano;classical;
laboratorio;pop;
neo r&b;r&b;
choro;latino;pop
classic praise;classical;
swamp pop;pop;
hardcore techno;electro;
hindustani classical;classical;
psychedelic folk;folk;
instrumental bluegrass;country;
classic israeli pop;classical;pop
vallenato;folk;
british soundtrack;rock;pop
straight edge;rock;metal
hard alternative;metal;rock
string quartet;classical;
uk contemporary r&b;r&b;
stoner metal;metal;
miami bass;rap;electro
deep groove house;electro;
neoclassicism;classical;
harlem hip hop;rap;
italian baritone;classical;
gospel r&b;r&b;blues
new french touch;electro;
modern southern rock;rock;
talent show;chill;
madchester;rock;pop
rock drums;rock;
classic colombian pop;classical;pop
memphis blues;blues;
deep southern trap;rap;
lgbtq+ hip hop;rap;
scottish new wave;rock;pop
german orchestra;classical;
pinoy rock;rock;
ebm;electro;
ye ye;r&b;rock
phonk;rap;
psychedelic hip hop;rap;
british classical piano;classical;
fingerstyle;folk;jazz
world fusion;jazz;
deep soft rock;rock;
swedish electropop;electro;pop
trova;latino;
anime rock;rock;
jazz organ;jazz;
nova mpb;latino;
mambo;latino;
dfw rap;rap;
colombian pop;pop;
ballroom;latino;
hindustani vocal;classical;
deep norteno;classical;
norteno-sax;folk;
bangla;latino;
southern gospel;blues;
tex-mex;latino;reggae
classic arab pop;classical;pop
russian classical piano;classical;
italian opera;classical;
florida rap;rap;
power-pop punk;pop;rock
emo punk;rock;
bay area indie;rock;
operetta;classical;
new orleans rap;rap;
german techno;electro;
dubstep;electro;
modern indie pop;rock;pop
classical guitar;classical;
noise rock;rock;
salsa colombiana;latino;
theme;classical;rock
bakersfield sound;country;
christian hip hop;rap;
australian alternative rock;rock;
minimalism;electro;chill
italian orchestra;classical;
slack-key guitar;jazz;
bedroom soul;soul;
uk82;metal;
rabindra sangeet;classical;
north carolina hip hop;rap;
lullaby;chill;
soca;reggae;latino
polynesian pop;pop;
ectofolk;folk;
socal pop punk;pop;rock
western swing;country;
acid rock;rock;
glitchcore;electro;
british modern classical;classical;
spanish pop rock;rock;pop
latin classical;classical;
british singer-songwriter;pop;
doom metal;metal;
boom bap;rap;
cowpunk;rock;country
japanese jazz;jazz;
djent;metal;
baroque ensemble;classical;
trancecore;metal;electro
norwegian pop;pop;
complextro;electro;
breakbeat;electro;jazz
instrumental soul;soul;
italian baroque;classical;
spirituals;blues;chill
comic metal;metal;
mexican hip hop;rap;
hammond organ;jazz;reggae
german pop;pop;
swamp rock;rock;
historic classical performance;classical;
french indie pop;rock;pop
sertanejo universitario;pop;
tennessee hip hop;rap;
russian romanticism;classical;chill
children's folk;folk;
jamgrass;blues;
boogie-woogie;blues;r&b
francoton;rap;pop
cabaret;rock;
classic swedish pop;classical;pop
sertanejo;r&b;soul
detroit hip hop;rap;
outsider;jazz;
kindie rock;rock;
puerto rican folk;folk;
swedish metal;metal;
classic persian pop;classical;pop
jazz clarinet;jazz;
new jersey indie;rock;
modern dream pop;pop;
jazztronica;jazz;
french orchestra;classical;
melodic death metal;metal;
chicago indie;rock;
pop soul;pop;soul
psychobilly;rock;
p funk;r&b;soul
scottish indie;rock;
french soundtrack;classical;
german classical piano;classical;
battle rap;rap;
haitian traditional;latino;
piedmont blues;blues;
deep tropical house;electro;
brutal death metal;metal;
bolero cubano;latino;
italian mezzo-soprano;classical;
american contemporary classical;classical;
baton rouge rap;rap;
nyhc;metal;
chopped and screwed;rap;
uk hip hop;rap;
taiwan singer-songwriter;pop;
psychedelic blues-rock;rock;blues
shanty;folk;metal
pop reggaeton;pop;reggae
new orleans funk;r&b;soul
drum and bass;electro;
rebel blues;blues;
renaissance;classical;
traditional rockabilly;rock;
reggaeton colombiano;reggae;
spanish new wave;rock;pop
banda carnavalera;latino;
hyperpop;pop;
taiwan campus folk;folk;
marathi traditional;folk;
background piano;chill;
mexican indie;latino;
medieval folk;folk;
classical flute;classical;
melodic metal;metal;
sludge metal;metal;
rawstyle;electro;
canadian punk;rock;
hopebeat;pop;rock
german rock;rock;
israeli rock;rock;
aussietronica;electro;
rock urbano mexicano;rock;
e6fi;rock;pop
garage rock revival;rock;
christian metal;metal;
vintage schlager;pop;rock
alternative roots rock;rock;
scottish rock;rock;
progressive psytrance;electro;
a cappella;classical;
radio symphony;classical;
rap latina;rap;
lo-fi indie;electro;chill
carnatic vocal;folk;
lo-fi chill;chill;
slowcore;metal;
twee pop;pop;
ohio hip hop;rap;
rock keyboard;rock;
chicago punk;rock;
grime;electro;rap
underground power pop;pop;
wonky;electro;rap
gauze pop;pop;
nz pop;pop;
midwest emo;rock;
shred;metal;
art punk;rock;
vocal trance;electro;
opera chorus;classical;
piano cover;classical;
dark post-punk;rock;
french jazz;jazz;
dmv rap;rap;
german metal;metal;
chinese indie;rock;chill
moombahton;electro;latino
tropicalia;latino;
tribal house;electro;
etherpop;pop;
athens indie;folk;country
future funk;r&b;soul
chillstep;chill;
chicha;latino;
small room;jazz;
light music;classical;
ska argentino;reggae;rock
no wave;rock;
synthwave;electro;
electro swing;electro;
dutch pop;pop;
acid house;electro;
brazilian rock;rock;
christian uplift;pop;classical
glitch hop;electro;
christian indie;classical;
nu-cumbia;electro;
spytrack;rock;chill
arab pop;pop;
neoclassical darkwave;classical;
french opera;classical;
classical contralto;classical;
kawaii future bass;electro;
scandipop;pop;
garage pop;pop;
early us punk;rock;
austindie;rock;
canzone d'autore;pop;
musica llanera;latino;
new weird america;rock;
rosary;chill;
canadian electronic;electro;
hungarian classical piano;classical;
swedish synthpop;pop;
beach music;r&b;pop
traprun;rap;
acoustic punk;rock;
minnesota hip hop;rap;
arab folk;folk;
kiwi rock;rock;
jazz violin;jazz;
bass house;electro;
grave wave;metal;
latin metal;metal;
kids dance party;electro;
vintage classical singing;classical;
kansas city hip hop;rap;
symphonic metal;metal;
texas latin rap;rap;
greek pop;pop;
alabama rap;rap;
reggae en espanol;reggae;
electro-industrial;electro;
jazz pop;jazz;pop
honky tonk;country;
highlife;folk;
east coast reggae;reggae;
glam punk;rock;
japanese soundtrack;classical;
japanese chillhop;chill;
welsh rock;rock;
merengue tipico;chill;
nwobhm;metal;
taiwan pop;pop;
black metal;metal;
violao;latino;
early reggae;reggae;
german opera;classical;
modern power pop;pop;
alternative pop rock;rock;pop
bhajan;chill;
moog;electro;
hardstyle;electro;
spanish classical;classical;
jazz rock;rock;jazz
carnatic;folk;
chutney;latino;
women's music;pop;
classic japanese jazz;classical;jazz
techno;electro;
west coast reggae;reggae;
ecuadorian pop;pop;
deep ragga;reggae;
panamanian pop;pop;
mariachi cristiano;blues;
anglican liturgy;chill;
post-disco soul;soul;pop
new comedy;pop;
gypsy jazz;jazz;
brazilian indie;latino;
classic schlager;classical;
brass band;classical;
samba-jazz;jazz;
mandolin;classical;
horror punk;rock;
swedish indie pop;rock;pop
uk americana;pop;
clean comedy;pop;
bboy;rock;
melodic dubstep;electro;
french synthpop;pop;
retro soul;soul;
irish singer-songwriter;pop;
riddim;electro;
channel pop;pop;
atmosphere;chill;
comedy rap;rap;
cello;classical;
classical clarinet;classical;
lds;folk;
vintage country folk;country;folk
norwegian jazz;jazz;
lo-fi emo;rock;
galante era;classical;
flamenco guitar;classical;
idol;pop;
folktronica;folk;
olympia wa indie;rock;
slayer;metal;
christian punk;rock;
jazz vibraphone;rap;jazz
nouvelle chanson francaise;pop;
vintage french electronic;electro;
livetronica;electro;
mande pop;pop;
vapor pop;pop;
electronic rock;rock;electro
electropowerpop;electro;pop
yodeling;folk;
cumbia salvadorena;metal;
electroclash;electro;
shibuya-kei;pop;
celtic punk;rock;
turkish jazz;jazz;
boston hip hop;rap;
german choir;classical;
drift;folk;
chicago drill;rap;
brit funk;r&b;soul
psicodelia brasileira;latino;
navajo;reggae;country
polish classical piano;classical;
shiver pop;pop;
portland indie;rock;
canadian contemporary country;country;
k-indie;rock;pop
jazz brass;jazz;
parody;folk;
euphoric hardstyle;electro;
crust punk;rock;
axe;latino;
vaporwave;electro;r&b
cubaton;latino;
neo-singer-songwriter;pop;
salsa venezolana;latino;
german baroque;classical;
progressive uplifting trance;electro;
dark clubbing;electro;
austrian orchestra;classical;
ambient folk;folk;
spiritual jazz;jazz;
j-metal;metal;
baroque violin;classical;
swing italiano;jazz;
seattle hip hop;rap;
native american flute;folk;
nigerian pop;pop;
chilean rock;rock;
brooklyn drill;rap;
chamber choir;classical;
australian electropop;electro;pop
progressive trance house;electro;
christian trap;rap;
brazilian soul;soul;
romantico;chill;
j-pixie;pop;rock
dark cabaret;pop;rock
us power metal;metal;
irish rock;rock;
tape club;pop;
electra;electro;
drill and bass;rap;electro
detroit trap;rap;
reading;chill;
rock cristiano;rock;
zydeco;blues;jazz
american romanticism;chill;
russian modern classical;classical;
toronto rap;rap;
palm desert scene;rock;
krautrock;rock;
neue deutsche welle;rock;pop
canadian ccm;classical;
wu fam;rap;
cumbia colombiana regia;latino;
musica jibara;latino;
australian hip hop;rap;
american post-rock;rock;
cambridge choir;classical;
japanese singer-songwriter;pop;
german literature;chill;
neo-progressive;rock;
nederpop;pop;
steel guitar;rock;
west end;pop;
german dance;electro;
cyberpunk;rock;electro
deep talent show;rap;
minimal wave;chill;
surf punk;rock;
israeli pop;pop;
new mexico music;country;folk
melbourne bounce international;electro;
electric bass;electro;
experimental hip hop;rap;
ska mexicano;reggae;rock
classic greek pop;classical;pop
deep contemporary country;country;
british dance band;electro;
sacramento hip hop;rap;
austin americana;country;
canadian electropop;electro;pop
soul flow;soul;
jazz cubano;jazz;
deathrock;rock;
jazz boom bap;jazz;
garage house;electro;
hindustani instrumental;classical;
family gospel;blues;
ambeat;rap;
portland hip hop;rap;
turkish folk;folk;
early music ensemble;classical;
victorian britain;classical;
icelandic pop;pop;
jug band;jazz;blues
classic turkish pop;classical;pop
string folk;folk;
kundiman;folk;
russian rock;rock;
vallenato moderno;folk;
gothic metal;metal;
tech house;electro;
happy hardcore;metal;
new jersey hardcore;metal;
nashville singer-songwriter;pop;
dc hardcore;metal;
pop house;electro;pop
israeli singer-songwriter;pop;
psychedelic doom;metal;
flamenco;latino;
guitarra clasica;classical;
string band;jazz;
technical death metal;metal;
pops orchestra;pop;
greek clarinet;classical;
proto-techno;electro;
bass music;electro;
gregorian chant;classical;
liquid funk;r&b;soul
alternative americana;rock;country
swedish death metal;metal;
uk reggae;reggae;
swedish alternative rock;rock;
afro dancehall;reggae;
japanese vgm;electro;
pop folk;folk;pop
adoracion;chill;classical
scream rap;rap;
folklore argentino;folk;
oxford indie;rock;
peruvian rock;rock;
early synthpop;pop;
children's choir;classical;
gabba;electro;
classical horn;classical;
deep east coast hip hop;rap;
swamp blues;blues;
acoustic rock;rock;
sertanejo tradicional;pop;
russian orchestra;classical;
vintage swedish pop;pop;
french baroque;classical;
vintage spanish pop;pop;
british industrial;electro;
melbourne bounce;electro;
eurobeat;electro;
modern alternative pop;pop;
swedish power metal;metal;
black comedy;metal;
uk dnb;electro;
canadian celtic;folk;
belly dance;electro;
electro latino;electro;latino
rock nacional brasileiro;rock;
nordic classical piano;classical;
garage punk;rock;
british indie rock;rock;
lebanese pop;pop;
psychedelic trance;electro;
rap cristiano;rap;
early music choir;classical;
instrumental post-rock;rock;
nintendocore;metal;electro
asian american hip hop;rap;
seattle indie;rock;
vintage swing;jazz;
cuban rumba;latino;
german jazz;jazz;
classic russian rock;rock;classical
deep uplifting trance;electro;
bounce;electro;
nursery;chill;
psychedelic pop;pop;electro
sacramento indie;rock;
afghan pop;pop;
stomp pop;pop;
alberta country;country;
deep new wave;rock;pop
irish country;country;
dutch house;electro;
harpsichord;classical;
pop violin;pop;
hard minimal techno;electro;
north carolina roots;folk;rock
danish classical;classical;
new england americana;rock;folk
neo-trad metal;metal;
french reggae;reggae;
australian reggae fusion;reggae;
tempe indie;rock;
british experimental;electro;
rave;electro;
melodic deathcore;metal;
polish classical;classical;
belgian edm;electro;
minimal techno;electro;
singaporean mandopop;pop;
progressive jazz fusion;jazz;
popping;pop;
funky tech house;electro;r&b
desi hip hop;rap;
azontobeats;electro;
outsider house;electro;
canadian soundtrack;classical;
yugoslav rock;rock;
dutch edm;electro;
industrial hip hop;rap;
smooth soul;soul;
san diego indie;rock;
bahamian folk;folk;
filthstep;electro;
melodic hard rock;rock;
future garage;electro;
organic house;electro;
queer country;country;
austin singer-songwriter;pop;
entehno;classical;
afroswing;jazz;
minneapolis indie;rock;
vocaloid;r&b;electro
new jersey punk;rock;
virginia hip hop;rap;
russian folk;folk;
instrumental surf;rock;
boston hardcore;metal;
traditional ska;reggae;rock
barockinterpreten;rock;
pop venezolano;pop;
experimental ambient;chill;
austrian classical piano;classical;
glitch;electro;
classic russian pop;classical;pop
melodic thrash;metal;
early american folk;folk;
british alternative rock;rock;
teen pop;pop;
groove room;electro;
viking metal;metal;
bhangra;pop;rock
french indietronica;rock;
manila sound;rock;folk
musica costena;folk;
technical thrash;metal;
eau claire indie;rock;
american choir;classical;
toronto indie;rock;
australian children's music;chill;
schlager;pop;rock
latin viral pop;pop;
deep smooth jazz;jazz;
abstract;rap;
finnish metal;metal;
tone;rock;
uk alternative pop;pop;
stomp and flutter;chill;
transpop;pop;
vancouver punk;rock;
progressive metalcore;metal;
bouzouki;folk;
norwegian indie;rock;
singaporean pop;pop;
horrorcore;metal;
austro-german modernism;folk;
classic hardstyle;classical;electro
ukrainian classical piano;classical;
indie hip hop;rap;
truck-driving country;country;
kentucky roots;folk;blues
electro jazz;electro;jazz
mexican classic rock;rock;classical
oakland indie;rock;
nl folk;folk;
musica prehispanica;latino;
visual kei;rock;metal
korean classical performance;classical;
australian indie folk;rock;folk
okinawan pop;pop;
german power metal;metal;
classical trumpet;classical;
thai pop;pop;
tamborazo;folk;
modern salsa;latino;
venezuelan rock;rock;
czech classical;classical;
charanga;folk;latino
australian metalcore;metal;
german soundtrack;classical;
lds youth;chill;
malian blues;blues;
traditional soul;soul;
musica para ninos;chill;
one-person band;folk;
turkish pop;pop;
persian pop;pop;
san diego rap;rap;
irish classical;classical;
funk carioca;r&b;soul
baltimore indie;rock;
easycore;metal;
gaita zuliana;folk;
english baroque;classical;
trap argentino;rap;
british contemporary classical;classical;
polyphony;classical;
canadian classical piano;classical;
retro metal;metal;
folk metal;folk;metal
jazz flute;jazz;
rap conciencia;rap;
folk rock italiano;rock;folk
uk doom metal;metal;
st louis rap;rap;
english renaissance;classical;
icelandic indie;rock;
fado;latino;
deathgrass;metal;
atlanta indie;rock;
pony;r&b;soul
drama;r&b;
boston punk;rock;
gothenburg metal;metal;
traditional british folk;folk;
cumbia andina mexicana;latino;
classical harp;classical;
bassline;electro;
early avant garde;electro;rock
hurdy-gurdy;classical;
scam rap;rap;
sheffield indie;rock;
string orchestra;classical;
pop nacional;pop;
canadian americana;rock;folk
mento;folk;reggae
birmingham metal;metal;
nwothm;metal;
israeli classical piano;classical;
uk alternative hip hop;rap;
gothic post-punk;rock;
nashville indie;rock;
samba-rock;rock;
ottawa rap;rap;
indie dream pop;rock;pop
canadian post-hardcore;metal;
uilleann pipes;rock;folk
porro;folk;
brazilian boogie;rock;electro
uptempo hardcore;metal;
venezuelan hip hop;rap;
classic peruvian pop;classical;pop
sitar;folk;
russian post-punk;rock;
full on;electro;
tollywood;folk;
japanese instrumental;classical;
italian renaissance;classical;
middle earth;chill;rock
madrigal;folk;
argentine indie;rock;
brass ensemble;classical;
harp;classical;
chunchaca;folk;
dutch trance;electro;
grand rapids indie;rock;rap
anarcho-punk;rock;
washington indie;rock;
future house;electro;
swing revival;jazz;
japanese classical;classical;
classic dubstep;classical;electro
japanese classical performance;classical;
synth funk;r&b;soul
latin afrobeat;jazz;folk
flint hip hop;rap;
vintage old-time;folk;
classic korean pop;classical;pop
japanese emo;rock;
sertanejo pop;pop;
cambodian rock;rock;
texas pop punk;pop;rock
australian country;country;
slam poetry;rap;
nu-metalcore;metal;
gothic symphonic metal;metal;
cha-cha-cha;latino;
crack rock steady;rock;
australian psych;electro;rock
future rock;rock;
nigerian hip hop;rap;
azonto;electro;
barbadian pop;pop;
halloween;pop;
colombian rock;rock;
deep euro house;electro;
uk worship;pop;
folkmusik;folk;
uk metalcore;metal;
danish jazz;jazz;
vancouver indie;rock;
gospel singers;blues;
new england emo;rock;
accordion;folk;
swedish hard rock;rock;
ballet class;classical;
berlin school;electro;
narodna muzika;folk;jazz
spa;jazz;
italo dance;electro;
sevdah;folk;
boogie;electro;r&b
australian house;electro;
rap dominicano;rap;
canadian blues;blues;
anadolu rock;rock;
kannada bhava geethe;folk;
son cubano;latino;
cumbia lagunera;latino;
vegas indie;rock;
mantra;pop;rock
bandoneon;latino;
italian progressive rock;rock;
art song;classical;
psychedelic folk rock;rock;electro
minimal tech house;electro;
brighton indie;rock;
british jazz;jazz;
danish electronic;electro;
musica andina;folk;
modern jazz piano;jazz;
american shoegaze;rock;
contemporary classical piano;classical;
canadian psychedelic;electro;rock
christian metalcore;metal;
kentucky mountain folk;folk;
african-american classical;classical;
naija worship;folk;
post-punk argentina;rock;
copla;folk;
street punk;rock;
pakistani pop;pop;
deathrash;metal;
classic danish pop;classical;pop
mod revival;r&b;jazz
straight-ahead jazz;jazz;
new york drill;rap;
persian traditional;folk;
serialism;electro;
latin american classical piano;classical;
queercore;metal;
turkish psych;electro;rock
italian soundtrack;classical;
italian classical piano;classical;
post-minimalism;electro;
neo-traditional bluegrass;country;
music box;classical;
mainland chinese pop;pop;
pop flamenco;pop;
gothenburg indie;rock;
jig and reel;folk;
musica infantil;chill;
malaysian mandopop;pop;
classic afrobeat;classical;
indie psych-pop;rock;pop
swedish singer-songwriter;pop;
urbano espanol;latino;
traditional bluegrass;country;
british comedy;folk;
japanese new wave;rock;pop
pittsburgh rap;rap;
danish metal;metal;
pop quebecois;pop;
experimental vocal;electro;
acousmatic;electro;
chilena;latino;
nashville hip hop;rap;
son cubano clasico;latino;
fort worth indie;rock;
polka;folk;
desert blues;blues;
classic italian folk pop;classical;folk
kayokyoku;pop;folk
salsa peruana;latino;
southern metal;metal;
pinoy reggae;reggae;
shimmer psych;electro;chill
bc underground hip hop;rap;
salsa choke;latino;
arabesk;pop;
turbo folk;folk;
scottish electronic;electro;
turkish classical;classical;
louisville indie;rock;
sky room;electro;
british death metal;metal;
ukulele;folk;
papuri;blues;
italian library music;chill;
latin soundtrack;classical;latino
spanish rock;rock;
progressive groove metal;metal;
military rap;rap;
indie rockism;rock;
mississippi hip hop;rap;
canadian children's music;chill;
punjabi pop;pop;
black thrash;metal;
norwegian contemporary jazz;jazz;
german punk;rock;
darksynth;electro;
anime latino;latino;
ghanaian hip hop;rap;
welsh indie;rock;
brazilian classical piano;classical;
mashup;pop;
tabla;folk;
nz reggae;reggae;
north carolina indie;rock;
classic psychedelic rock;classical;electro
chinese classical performance;classical;
collage pop;pop;
musica nicaraguense;pop;rock
austrian choir;classical;
trad jazz catala;jazz;
portland punk;rock;
nueva ola chilena;rock;
boston folk;folk;
alabama indie;rock;
canterbury scene;rock;
irish hip hop;rap;
nuevo flamenco;latino;
nisiotika;classical;
nordic house;electro;
pirate;classical;
lancaster pa indie;rock;
dhrupad;classical;
rune folk;folk;
cumbia villera;folk;
russian pop;pop;
viral trap;rap;
italian violin;classical;
second line;folk;
vermont indie;rock;
orquesta tipica;pop;
irish pub song;rock;
deathgrind;metal;
hands up;electro;
kompa;reggae;
uk dancehall;reggae;
grunge pop;pop;rock
omaha indie;rock;
pakistani folk;folk;
bmore;electro;
japanese electropop;electro;pop
ambient pop;pop;
irish pop;pop;
kingston on indie;rock;
icelandic folk;folk;
moldovan pop;pop;
deep minimal techno;electro;
auckland indie;rock;
drone metal;metal;
bubble trance;electro;
hoerspiel;classical;
german alternative rock;rock;
modern jazz trio;jazz;
south carolina indie;rock;
dansktop;electro;
manguebeat;rock;
vancouver metal;metal;
streichquartett;classical;
country boogie;country;
jovem guarda;rock;
classical oboe;classical;
pinoy traditional;folk;
scottish folk;folk;
latinx alternative;rock;latino
math rock;rock;
croatian rock;rock;
old west;country;
bard;classical;
contemporary folk;folk;
classic polish pop;classical;pop
neo-rockabilly;rock;
ann arbor indie;rock;
dark techno;electro;
uk pop punk;pop;rock
norwegian black metal;metal;
dutch rock;rock;
ambient worship;chill;
buffalo ny indie;rock;
muzica populara;pop;
gospel blues;blues;
metal guitar;metal;
musica potosina;folk;
romanian rock;rock;
south african pop;pop;
pop peruano;pop;
croatian pop;pop;
j-pop girl group;pop;
london rap;rap;
texas punk;rock;
western americana;folk;
gospel soul;soul;blues
classic j-rock;rock;classical
viola;classical;
kc indie;rock;
bay area hip hop;rap;
quebec indie;rock;
classical countertenor;classical;
bluegrass fiddle;country;
chill out;chill;
new wave of thrash metal;metal;rock
oud;classical;
danish pop;pop;
nordic orchestra;classical;
rhode island indie;rock;
stl indie;rock;
mountain dulcimer;classical;
horror synth;electro;
estonian pop;pop;
argentine hip hop;rap;
swancore;metal;
dream trance;electro;
sound team;rock;
float house;electro;
rap underground mexicano;rap;
drone folk;folk;
deep comedy;folk;
australian garage punk;rock;
german thrash metal;metal;
new isolationism;folk;
nordic folk;folk;
brazilian reggae;reggae;
azeri traditional;folk;
chinese r&b;r&b;
shakuhachi;classical;
historical keyboard;chill;
tzadik;folk;
japanese alternative rock;rock;
deep full on;electro;
liverpool indie;rock;
nz singer-songwriter;pop;
twoubadou;folk;
canzone genovese;folk;
west african jazz;jazz;
street band;soul;folk
ukrainian classical;classical;
khmer;folk;
dutch indie;rock;
south african alternative;folk;
afro psych;rock;electro
brazilian edm;electro;
dreamgaze;pop;
swedish americana;folk;
deep idm;electro;
tampa indie;rock;
classic latvian pop;classical;pop
modern old-time;classical;
deep latin christian;classical;
atlanta metal;metal;
21st century classical;classical;
jazz accordion;jazz;
chill pop;chill;pop
corrosion;metal;
classic bhangra;classical;
jazz metal;jazz;metal
belgian rock;rock;
griot;metal;
neo-pagan;folk;
dutch hip hop;rap;
lithuanian electronic;electro;
japanese pop punk;pop;rock
historic string quartet;classical;
dutch rap pop;rap;pop
bush ballad;folk;
british power metal;metal;
uk experimental electronic;electro;
popgaze;pop;
argentine reggae;reggae;
southern americana;folk;
cinematic post-rock;rock;
destroy techno;electro;
boston indie;rock;
vgm remix;electro;
indy indie;rock;
chilean indie;rock;
german pop rock;rock;pop
danish rock;rock;
south african jazz;jazz;
deep funk;r&b;soul
guitarra argentina;classical;
indonesian pop;pop;
worcester ma indie;rock;
trash rock;rock;
mollywood;classical;
polish contemporary classical;classical;
champeta;folk;
canadian choir;classical;
latino comedy;latino;
nightrun;electro;
norwegian singer-songwriter;pop;
trova mexicana;folk;
honky-tonk piano;reggae;
zouk;reggae;latino
finnish hard rock;rock;
viking folk;folk;
slow game;soul;
mississippi indie;rock;
american oi;rock;
post-post-hardcore;metal;
bleep techno;electro;
tagalog worship;classical;
mathcore;metal;
classical saxophone;classical;
jazz orchestra;jazz;
partido alto;latino;
indian indie;rock;
geek folk;folk;
virginia metal;metal;
popwave;pop;
space ambient;chill;
black punk;rock;
afro house;electro;
instrumental grime;electro;
deep soundtrack;classical;
chicano punk;rock;
indian fusion;jazz;
emocore;rock;metal
albuquerque indie;rock;
musica popular mineira;pop;
umbanda;folk;
dark minimal techno;electro;
classic iskelma;classical;
phoenix indie;rock;
pet calming;chill;
vocal ensemble;classical;
uk funky;r&b;soul
south carolina hip hop;rap;
latin talent show;pop;
finnish edm;electro;
romanian classical piano;classical;
spanish renaissance;classical;
louisiana metal;metal;
tolkien metal;metal;
dub poetry;electro;
arab groove;jazz;
san marcos tx indie;rock;
australian alternative pop;pop;
rif;rock;
sacred steel;metal;
fidget house;electro;
spanish indie pop;rock;pop
czech classical piano;classical;
edmonton indie;rock;
dunedin sound;pop;
el paso indie;rock;
argentine punk;rock;
makossa;folk;
baiao;pop;
go-go;r&b;
buffalo hip hop;rap;
gothabilly;rock;
latin house;electro;
denver indie;rock;
abstract beats;electro;
final fantasy;electro;
boston metal;metal;
montreal indie;rock;
western mass indie;rock;
diy emo;rock;
burmese traditional;folk;
classic punjabi pop;classical;pop
german hard rock;rock;
vintage gospel;blues;
trival;electro;
uk garage;electro;
russian chanson;folk;
maine indie;rock;
melodic groove metal;metal;
north carolina emo;rock;
witch house;electro;
classical piano trio;classical;
pittsburgh rock;rock;
pinoy indie;rock;
progressive sludge;metal;
norwegian metal;metal;
christian hard rock;rock;
milwaukee indie;rock;
american primitive;classical;
spanish metal;metal;
cumbia peruana;rock;latino
forro tradicional;folk;
paisley underground;rock;
chicago hardcore;metal;
soukous;folk;
canadian post-rock;rock;
hokkien pop;pop;
canadian pop punk;pop;rock
deep freestyle;rap;
vbs;electro;
denton tx indie;rock;
south african rock;rock;
pinoy hip hop;rap;
japanese heavy metal;metal;
nz indie;rock;
minecraft;chill;
tucson indie;rock;
german trance;electro;
denpa-kei;folk;
post-doom metal;metal;
puerto rican rock;rock;
swedish indie rock;rock;
dutch classical piano;classical;
piano mpb;folk;
gypsy punk;rock;
comedy rock;rock;
ontario indie;rock;
j-idol;pop;
oc indie;rock;
forro;folk;
cajun;folk;
dinner jazz;jazz;
folklore venezolano;folk;
ethnomusicology;folk;
nordic soundtrack;classical;
techno kayo;electro;
canadian hardcore;metal;
minneapolis punk;rock;
swiss metal;metal;
japanese traditional;folk;
chaotic hardcore;metal;
latvian pop;pop;
belgian dance;electro;
samba moderno;latino;
cuatro venezolano;folk;
broken beat;electro;jazz
soda pop;pop;
bergen indie;rock;
cumbia ecuatoriana;folk;
british post-rock;rock;
sound effects;electro;
focus trance;electro;
tango cancion;latino;
slc indie;rock;
bengali folk;folk;
cincinnati rap;rap;
colombian hip hop;rap;
virginia punk;rock;
samba de roda;latino;
mindfulness;chill;
spanish classical piano;classical;
chinese instrumental;folk;
dembow;rap;
visor;electro;
pop argentino;pop;
dakke dak;rock;
romanian pop;pop;
nottingham indie;rock;
dayton indie;rock;
technical deathcore;metal;
musica cristiana guatemalteca;classical;
psychill;chill;electro
scottish singer-songwriter;pop;
australian singer-songwriter;pop;
dunedin indie;rock;
saskatchewan indie;rock;
enka;folk;
rochester mn indie;rock;
afghan traditional;folk;
african rock;rock;
r&b en espanol;r&b;
nu skool breaks;electro;
rock independant francais;rock;
italian jazz;jazz;
florida death metal;metal;
pop electronico;electro;pop
charlotte nc indie;rock;
kentucky hip hop;rap;
electro-pop francais;electro;pop
chamber folk;folk;
slamming deathcore;metal;
swiss classical piano;classical;
plunderphonics;electro;
finnish alternative rock;rock;
christian a cappella;classical;
hip hop cubano;rap;
spanish baroque;classical;
chinese traditional;folk;
modern big band;;
aggrotech;;
south african hip hop;rap;
minneapolis metal;metal;
latintronica;latino;electro
lexington ky indie;rock;
son jarocho;;
adventista;;
hindi indie;rock;
medieval rock;rock;
chinese audiophile;;
klezmer;;
israeli folk;folk;
southampton indie;rock;
classic belgian pop;classical;pop
swedish dancehall;reggae;
turkish classical performance;classical;
chill guitar;chill;
musikkorps;;
taiwan classical performance;classical;
triangle indie;rock;
brazilian classical;classical;
native american spiritual;;
quran;;
jazz tuba;jazz;
greek contemporary classical;classical;
world meditation;chill;
mexican pop punk;pop;rock
cumbia pop;pop;
new tribe;electro;
children's story;chill;
caucasian classical;classical;
bansuri;;
alaska indie;rock;
japanese dream pop;pop;
swedish melodic rock;rock;
african reggae;reggae;
polish jazz;jazz;
belgian classical piano;classical;
arabic jazz;jazz;
romanian folk;folk;
chinese classical piano;classical;
pop nacional antigas;pop;
norwegian classical;classical;
panpipe;;
canadian rockabilly;rock;
czech contemporary classical;classical;
afro-funk;r&b;soul
bitpop;pop;
belgian indie;rock;
musica antigua;;
italian baroque ensemble;;
nerdcore;metal;
israeli classical;classical;
latin tech house;electro;
indian folk;folk;
gainesville indie;rock;
icelandic classical;classical;
audiophile vocal;;
japanese folk;folk;
samba-enredo;;
funk mexicano;r&b;soul
avant-garde metal;metal;
electrofox;electro;
idaho indie;rock;
japanese power metal;metal;
substep;electro;
nova musica pernambucana;;
new beat;;
hammered dulcimer;;
washboard;;
trap triste;rap;
nueva ola peruana;;
folklore peruano;folk;
indie singer-songwriter;rock;pop
trinidadian reggae;reggae;
old school rap francais;rap;
latin funk;r&b;soul
classic australian country;classical;country
christian hardcore;metal;
native american contemporary;;
nightcore;electro;
pinoy praise;;
zhongguo feng;;
buffalo ny metal;metal;
indie quebecois;rock;
music hall;;
asheville indie;rock;
chamame;;
cumbia chilena;;
neue deutsche harte;;
rock baiano;rock;
lo star;;
blackgaze;;
bossa nova jazz;jazz;
south african house;electro;
veena;;
japanese garage rock;rock;
musica tropical guatemalteca;;
nantes indie;rock;
japanese psychedelic;electro;rock
canto popular uruguayo;pop;
grindcore;metal;
punta;;
islamic recitation;;
detroit techno;electro;
ambient house;electro;
nz folk;folk;
south dakota indie;rock;
australian post-punk;rock;
russian choir;classical;
basshall;;
old school uk hip hop;rap;
barnmusik;;
folklore ecuatoriano;folk;
asmr;;
latin ska;reggae;rock
midwest americana;;
swedish stoner rock;rock;
xhosa;;
greek guitar;;
coco;;
funk ostentacao;r&b;soul
military cadence;;
deep southern soul;soul;
dub metal;metal;
nashville americana;;
baroque brass;;
french psychedelic;electro;rock
classic czech pop;classical;pop
dark disco;pop;
northern irish punk;rock;
australian underground hip hop;rap;
musica canaria;;
wyoming roots;;
instrumental acoustic guitar;;
rap conscient;rap;
deep dance pop;pop;electro
dutch metal;metal;
wyoming indie;rock;
skiffle;;
canadian folk;folk;
oceania soundtrack;classical;
cuban alternative;;
rai;;
louisville underground;;
australian r&b;r&b;
hamburg electronic;electro;
chamber ensemble;;
okc indie;rock;
dutch dnb;electro;
english indie rock;rock;
beatboxing;;
strut;;
detroit house;electro;
classical mandolin;classical;
volksmusik;;
gothic americana;;
swedish heavy metal;metal;
commons;;
british black metal;metal;
old-time fiddle;;
boy soprano;;
spanish techno;electro;
ambient techno;electro;
indie game soundtrack;classical;
lafayette indie;rock;
funk pop;r&b;pop
argentine heavy metal;metal;
finnish power metal;metal;
folclore tucumano;;
shush;;
canadian indigenous;;
cumbia funk;r&b;soul
musica hondurena;;
gaming dubstep;electro;
dutch cabaret;;
sound art;;
concert band;;
sandalwood;;
knoxville indie;rock;
futurepop;pop;
welsh metal;metal;
contrabass;;
vegan straight edge;;
deep punk rock;rock;
cedm;;
icelandic rock;rock;
cumbia paraguaya;;
norwegian rock;rock;
barbershop;;
vintage rockabilly;rock;
idol rock;rock;
ethnotronica;electro;
kora;;
canadian comedy;;
pinoy trap;rap;
oc rap;rap;
orthodox chant;;
french movie tunes;;
quebec death metal;metal;
j-ambient;chill;
polca paraguaya;;
japanese metalcore;metal;
chill beats;chill;
russian shoegaze;;
folclor afrocolombiano;;
baltimore hip hop;rap;
experimental guitar;;
oxford choir;classical;
jacksonville indie;rock;
hauntology;;
belarusian indie;rock;
musica para criancas;;
celtic metal;metal;
partyschlager;;
reggaeton cristiano;reggae;
cleveland metal;metal;
detskie pesni;;
japanese jazztronica;jazz;
psychedelic punk;rock;electro
messianic praise;;
indian edm;electro;
chicago pop punk;pop;rock
rwandan traditional;folk;
reading indie;rock;
opera metal;metal;
cathedral choir;classical;
autonomous black metal;metal;
wind quintet;;
british grindcore;metal;
jazz harp;jazz;
eurovision;;
garage punk blues;blues;rock
symphonic black metal;metal;
polynesian hip hop;rap;
cumbia ranchera;;
sovietwave;;
432hz;;
manchester hip hop;rap;
rap chileno;rap;
korean classical piano;classical;
rap napoletano;rap;
rennes indie;rock;
australian trap;rap;
tamil worship;;
vintage dutch pop;pop;
tagalog rap;rap;
birmingham grime;;
theremin;;
australian talent show;;
cameroonian pop;pop;
kentucky punk;rock;
bouncy house;electro;
deep disco house;pop;electro
chihuahua indie;rock;
swedish country;country;
carnatic instrumental;;
belgian pop;pop;
south african pop dance;pop;electro
north east england indie;rock;
hungarian choir;classical;
qawwali;;
quatuor a cordes;;
columbus ohio indie;rock;
dub techno;electro;
austrian pop;pop;
rock andaluz;rock;
eugene indie;rock;
pagan black metal;metal;
muzika l'yeladim;;
hawaiian hip hop;rap;
canadian classical;classical;
uk contemporary jazz;jazz;
trap dominicano;rap;
spanish hip hop;rap;
neo-traditional country;country;
classic norwegian pop;classical;pop
death 'n' roll;rock;
balearic;;
indian jazz;jazz;
mbalax;;
ukrainian electronic;electro;
norsk lovsang;;
swedish soul;soul;
egyptian pop;pop;
welsh folk;folk;
michigan indie;rock;
pittsburgh indie;rock;
bahamian pop;pop;
timba;;
russian folk rock;rock;folk
digital hardcore;metal;
belgian new wave;rock;pop
relaxative;chill;
japanese punk rock;rock;
danish pop rock;rock;pop
nordic contemporary classical;classical;
chill lounge;chill;
manitoba indie;rock;
irish fiddle;;
syrian pop;pop;
scottish fiddle;;
german house;electro;
rap kreyol;rap;
instrumental stoner rock;rock;
french shoegaze;;
russian alternative rock;rock;
japanese post-hardcore;metal;
greek folk;folk;
neue deutsche todeskunst;;
j-punk;rock;
american early music;;
swedish indie folk;rock;folk
folklore veracruzano;folk;
vaudeville;;
swedish tropical house;electro;
ambient idm;chill;
ny roots;;
canadian experimental;;
rochester ny indie;rock;
brisbane indie;rock;
ethio-jazz;jazz;
juju;;
noise punk;rock;
mallet;;
connecticut hardcore;metal;
zeuhl;;
jazz mexicano;jazz;
jazz venezolano;jazz;
post-metal;metal;
beat poetry;;
indiana hip hop;rap;
deep pop edm;pop;electro
huapango;;
beat italiano;;
finnish classical;classical;
balkan brass;;
uk post-hardcore;metal;
brazilian hip hop;rap;
power thrash;metal;
balkan classical piano;classical;
singaporean singer-songwriter;pop;
blues mexicano;blues;
icelandic experimental;;
ilocano pop;pop;
thai indie rock;rock;
speed garage;;
canadian indie folk;rock;folk
indie electronica;rock;electro
scottish metal;metal;
french hip hop;rap;
duluth indie;rock;
musical advocacy;;
irish metal;metal;
swiss pop;pop;
nordic post-rock;rock;
christchurch indie;rock;
classical piano duo;classical;
palestinian pop;pop;
soviet synthpop;pop;
belgian singer-songwriter;pop;
maine hip hop;rap;
atmospheric post-metal;metal;
huayno;;
modern swing;jazz;
russian jazz;jazz;
french techno;electro;
brazilian ska;reggae;rock
swedish eurodance;electro;
khaleeji iraqi;;
traditional funk;r&b;soul
wassoulou;soul;
venezuelan indie;rock;
greek jazz;jazz;
warm drone;;
geek rock;rock;
italian progressive metal;metal;
tuareg guitar;;
pinoy pop punk;pop;rock
emo mexicano;rock;latino
georgian folk;folk;
chinese jazz;jazz;
thai idol;;
american 21st century classical;classical;
jazz colombiano;jazz;
malaysian pop;pop;
iskelma;;
yoik;;
dangdut;;
funk paulista;r&b;soul
haryanvi pop;pop;
dutch prog;electro;
punjabi hip hop;rap;
canadian latin;latino;
medieval;classical;
autoharp;;
experimental jazz;jazz;
kabarett;;
faroese pop;pop;
russian dance;electro;
albanian pop;pop;
german post-hardcore;metal;
christelijk;;
kaneka;;
solipsynthm;classical;
rockabilly en espanol;rock;
alabama metal;metal;
macedonian folk;folk;
japanese vocal jazz;jazz;
detske pisnicky;;
belgian techno;electro;
russian trance;electro;
psybass;electro;
blackened crust;;
corridos cristianos;;
zurich indie;rock;
concepcion indie;rock;
taiwan hip hop;rap;
celtic harp;;
miami indie;rock;
armenian folk;folk;
australian classical;classical;
italian blues;blues;
uk house;electro;
gothic black metal;metal;
boy pop;pop;
nuevo folklore mexicano;folk;
sevillanas;;
nova canco;;
argentine metal;metal;
estonian hip hop;rap;
tajik pop;pop;
indonesian indie;rock;
hiplife;;
spanish modern rock;rock;
american metalcore;metal;
danish hip hop;rap;
bandinhas;;
italian gothic;;
yorkshire folk;folk;
birdsong;;
swiss black metal;metal;
turkish edm;electro;
chinese classical;classical;
marathi pop;pop;
uzbek traditional;folk;
korean indie rock;rock;
sarod;;
ritmo kombina;;
dallas indie;rock;
new york death metal;metal;
native american hip hop;rap;
danish electropop;electro;pop
punk rock italiano;rock;
reggaeton mexicano;reggae;
iowa hip hop;rap;
breakcore;metal;
deep acoustic pop;pop;
italian techno;electro;
guatemalan pop;pop;
swedish doom metal;metal;
brega;;
vienna indie;rock;
danish singer-songwriter;pop;
folclor colombiano;;
kolsche karneval;;
instrumental math rock;rock;
lo-fi house;electro;
brazilian modern jazz;jazz;
neurofunk;r&b;soul
chinese soundtrack;classical;
japanese indie rock;rock;
peruvian hip hop;rap;
vogue;;
funk 150 bpm;r&b;soul
duduk;;
polish modern jazz;jazz;
swedish choir;classical;
humppa;;
birmingham hip hop;rap;
nz punk;rock;
dusseldorf electronic;electro;
arizona punk;rock;
experimental folk;folk;
deep techno;electro;
french dnb;electro;
wave;chill;
norwegian death metal;metal;
uk diy punk;rock;
neo-kraut;;
fast melodic punk;rock;
korean mask singer;;
ska jazz;jazz;reggae
folclore extremeno;folk;
guitarra portuguesa;;
musique peule;;
scratch;;
punk rock mexicano;rock;
french indie folk;rock;folk
panamanian rock;rock;
german renaissance;;
musica gaucha tradicionalista;;
scandinavian r&b;r&b;
rock progressif francais;rock;
tennessee metal;metal;
marimba orquesta;;
greek swing;;
yoga;chill;
tipico;;
pop rock brasileiro;rock;pop
deep classic garage rock;rock;classical
dark hardcore;metal;
cornwall indie;rock;
spiritual hip hop;rap;
brazilian contemporary classical;classical;
german underground rap;rap;
finnish contemporary classical;classical;
jamtronica;chill;
indonesian hip hop;rap;
german oi;;
braindance;electro;
deep latin alternative;;
alt-idol;;
gqom;;
cumbia santafesina;;
polish rock;rock;
japanese rockabilly;rock;
charango;;
euroska;reggae;rock
ukrainian pop;pop;
brain waves;;
deep northern soul;soul;
binaural;;
middle east hip hop;rap;
swiss country;country;
slovenian electronic;electro;
greek house;electro;
tamil hip hop;rap;
chilean hardcore;metal;
hungarian pop;pop;
indie shoegaze;rock;
deep progressive house;electro;
belgian contemporary classical;classical;
oratory;;
musica alagoana;;
swedish prog;;
swedish hardcore;metal;
serbian electronic;electro;
french contemporary classical;classical;
israeli hip hop;rap;
circus;;
sotalaulut;;
hungarian techno;electro;
swiss rock;rock;
west virginia indie;rock;
caracas indie;rock;
cypriot pop;pop;
norwegian experimental;;
oshare kei;;
musica aragonesa;;
irish dance;electro;
dc indie;rock;
goregrind;metal;
chattanooga indie;rock;
slovenian metal;metal;
footwork;;
bajki;;
pianissimo;;
rock brasiliense;rock;
jazz chileno;jazz;
south african country;country;
yugoslav new wave;rock;pop
slavic folk metal;folk;metal
nuevo tango;;
experimental house;electro;
hong kong rock;rock;
rock gaucho;rock;
villancicos;;
guzheng;;
folclore navarra;;
deep r&b;r&b;
musica paraibana;;
guaracha;;
boom bap brasileiro;;
epic doom;metal;
histoire pour enfants;;
west australian hip hop;rap;
russian ccm;;
gabonese pop;pop;
australian post-hardcore;metal;
deep psychobilly;electro;rock
outer hip hop;rap;
atmospheric sludge;;
lo-fi cover;;
egyptian traditional;folk;
hong kong indie;rock;
stomp and whittle;;
ethiopian pop;pop;
eastern bloc groove;;
vietnamese bolero;;
morna;;
mongolian hip hop;rap;
martial industrial;;
vgm instrumental;electro;
tamaulipas indie;rock;
pop chileno;pop;
musica popular paraense;pop;
breton folk;folk;
hard rock brasileiro;rock;
gypsy;classical;
musica ayacuchana;;
indian instrumental;;
classic tunisian pop;classical;pop
arabic hip hop;rap;
western saharan folk;folk;
musica costarricense;;
musique concrete;;
irish indie;rock;
springfield mo indie;rock;
danish alternative rock;rock;
black 'n' roll;rock;
lute;;
tamaulipas rap;rap;
jewish cantorial;;
spanish noise pop;pop;
atmospheric post-rock;rock;
dansband;;
cambridgeshire indie;rock;
women's choir;classical;
monterrey indie;rock;
swedish metalcore;metal;
north carolina metal;metal;
komedi;;
quartetto d'archi;;
guinean pop;pop;
shabad;;
sefardi;;
bath indie;rock;
hawaiian indie;rock;
dutch folk;folk;
cosmic post-rock;rock;
viking black metal;metal;
miami metal;metal;
uk dub;;
modern performance;;
australian choir;classical;
deep space rock;rock;
thai folk;folk;
italian power metal;metal;
kleine hoerspiel;;
afro soul;soul;
classic icelandic pop;classical;pop
portland metal;metal;
dabke;;
nepali pop;pop;
musica afroperuana;;
german heavy metal;metal;
japanese jazz fusion;jazz;
musica andina colombiana;;
ohio indie;rock;
afrofuturismo brasileiro;;
nz christian;;
spanish folk metal;folk;metal
trio cubano;;
thai folk rock;rock;folk
experimental indie;rock;
swedish house;electro;
liedermacher;;
italian modern prog;;
capoeira;;
classic indo pop;classical;pop
trap venezolano;rap;
nepali indie;rock;
instrumental progressive metal;metal;
purple sound;;
baton rouge indie;rock;
dungeon synth;;
russian edm;electro;
german indie;rock;
australian ska;reggae;rock
christian dance;electro;
flick hop;;
rock pernambucano;rock;
chanson paillarde;;
spanish synthpop;pop;
funana;;
alberta hip hop;rap;
ilahiler;;
swedish post-hardcore;metal;
newcastle nsw indie;rock;
university choir;classical;
veracruz indie;rock;
lldm;;
berlin minimal techno;electro;
russian punk;rock;
modern uplift;;
australian metal;metal;
belgian indie rock;rock;
kashmiri pop;pop;
baltic classical;classical;
newcastle indie;rock;
norwegian pop rap;rap;pop
danseband;;
modular synth;;
trance mexicano;;
melbourne indie;rock;
lo-fi brasileiro;;
hungarian folk;folk;
modern string quartet;;
finnish soul;soul;
brass quintet;;
contemporary choir;classical;
italian metal;metal;
essex indie;rock;
tulsa indie;rock;
asbury park indie;rock;
irish ballad;;
j-reggae;reggae;
icelandic electronic;electro;
gothic alternative;;
indonesian r&b;r&b;
kentucky indie;rock;
japanese experimental;;
san antonio rap;rap;
belgian jazz;jazz;
trap mexicano;rap;
ghent indie;rock;
folclore jujeno;;
perth indie;rock;
devon indie;rock;
pornogrind;metal;
pakistani hip hop;rap;
oriental classical;classical;
swedish underground rap;rap;
mexican son;;
experimental dub;electro;
italian pop rock;rock;pop
japanese electronic;electro;
brazilian metal;metal;
gospel antigas;blues;
ryukyu ongaku;;
israeli techno;electro;
classic eurovision;classical;
norwegian punk rock;rock;
depressive black metal;metal;
alte;;
rhode island rap;rap;
brutal deathcore;metal;
modern psychedelic folk;folk;electro
gujarati garba;;
argentine telepop;pop;
chiptune;;
indonesian worship;;
icelandic jazz;jazz;
guam indie;rock;
norwegian hip hop;rap;
scottish jazz;jazz;
finnish death metal;metal;
uk rockabilly;rock;
christmas product;;
ambient industrial;;
cornish folk;folk;
kabyle;;
ghanaian traditional;folk;
russian metalcore;metal;
variete francaise;pop;
ambient black metal;metal;
nubian traditional;folk;
lo-fi vgm;electro;
singing bowl;;
skramz;;
kawaii metal;metal;
psalmen;;
japanese girl punk;rock;
australian ambient;chill;
chakra;;
wisconsin indie;rock;
pagode baiano;;
dutch death metal;metal;
atmospheric black metal;metal;
salsa cubana;latino;
baroque singing;classical;
melodic power metal;metal;
mizrahi;;
ok indie;rock;
french metal;metal;
british children's music;chill;
italian classical guitar;classical;
latincore;metal;
bulgarian experimental;;
austropop;pop;
proto-rap;rap;
chinese idol pop;pop;
polish blues;blues;
microtonal;;
deep free jazz;jazz;
indie deutschrap;rock;rap
gospel italiano;blues;
romanian electronic;electro;
technical groove metal;metal;
folclore salteno;;
funeral doom;metal;
albany ny indie;rock;
pibroch;;
indie triste;rock;
tuna estudiantil;;
canadian metalcore;metal;
deep gothic post-punk;rock;
danish punk;rock;
neo kyma;;
xtra raw;;
deep g funk;r&b;soul
beninese pop;pop;
arkansas indie;rock;
deep dnb;electro;
swedish progressive metal;metal;
italian gothic metal;metal;
progressive alternative;;
j-acoustic;;
indie rock mexicano;rock;
d-beat;;
jewish hip hop;rap;
baglama;;
japanese indie folk;rock;folk
polish reggae;reggae;
scottish hip hop;rap;
motivation;electro;
marching band;;
italian indie pop;rock;pop
focus beats;;
prog quebec;;
classical accordion;classical;
deep tech house;electro;
bristol indie;rock;
louvor;;
japanese piano;;
cymraeg;;
ottawa indie;rock;
turkish experimental;;
bahai;;
trap chileno;rap;
christian power metal;metal;
manchester indie;rock;
fluxwork;;
canadian modern jazz;jazz;
leicester indie;rock;
gamelan;;
progressive power metal;metal;
norwegian space disco;pop;
yiddish folk;folk;
accordeon;;
argentine hardcore;metal;
belarusian rock;rock;
experimental big band;;
virgin islands reggae;reggae;
dubsteppe;electro;
violao classico;classical;
lund indie;rock;
jordanian pop;pop;
animal singing;;
swiss worship;;
classic thai pop;classical;pop
kodomo no ongaku;;
hula;;
sufi chant;;
acid trance;electro;
hindi hip hop;rap;
canadian house;electro;
college a cappella;;
nz hardcore;metal;
dutch jazz;jazz;
japanese idm;;
norman ok indie;rock;
steelpan;;
memphis americana;;
hungarian rock;rock;
glee club;;
erhu;;
deep indie singer-songwriter;rock;pop
musica juiz-forana;;
industrial hardcore;metal;
norwegian choir;classical;
pei indie;rock;
orebro indie;rock;
electronica argentina;electro;
oth indie;rock;
polish post-rock;rock;
wind ensemble;classical;
mexican classical;classical;
hangpan;;
rock chapin;rock;
japanese prog;;
pinoy r&b;r&b;
swedish garage rock;rock;
gujarati pop;pop;
portuguese early music;;
v-pop;pop;
brazilian groove metal;metal;
musica piemonteisa;;
cape verdean folk;folk;
australian indie rock;rock;
belarusian pop;pop;
free folk;folk;
south carolina metal;metal;
keroncong;;
funky breaks;r&b;soul
russian metal;metal;
halifax indie;rock;
rap nacional antigo;rap;
sudanese pop;pop;
korean trap;rap;
turkish modern jazz;jazz;
chinese hip hop;rap;
musica sarda;;
orlando indie;rock;
deep melodic metalcore;metal;
deep delta blues;blues;
isle of wight indie;rock;
technical melodic death metal;metal;
guidance;;
ukrainian choir;classical;
turkish trap pop;rap;pop
gaian doom;;
argentine ambient;chill;
finnish heavy metal;metal;
fo jing;;
swedish black metal;metal;
italian mandolin;;
guadalajara indie;rock;
harmonica jazz;jazz;
zambian pop;pop;
thall;metal;
swedish rock-and-roll;rock;
orkney and shetland folk;folk;
german country;country;
antilliaanse folklore;folk;
uk noise rock;rock;
clawhammer banjo;;
rock kapak;rock;
atmospheric dnb;chill;
deep motown;;
coverchill;chill;
sydney indie;rock;
rumba congolaise;;
folklore boliviano;folk;
shaabi;;
mexican traditional;latino;
kent indie;rock;
australian indigenous;folk;
progressive deathcore;metal;
roda de samba;;
zouglou;;
tunisian pop;pop;
punjabi folk;folk;
musica de fondo;;
turkish trap;rap;
nu age;;
nederlandse hardstyle;electro;
classic french pop;classical;pop
danspunk;rock;
israeli mediterranean;;
zimdancehall;reggae;
rva indie;rock;
irish accordion;folk;
rock alternatif francais;rock;
neofolk;folk;
kentucky metal;metal;
german show tunes;;
minimal melodic techno;electro;
mongolian pop;pop;
blues latinoamericano;blues;latino
folklore chileno;folk;
kizomba antigas;;
vietnamese pop;pop;
belgian hardcore;metal;
croatian folk;folk;
lancashire indie;rock;
deathstep;electro;
metal mineiro;metal;
chinese indie rock;rock;
hungarian edm;electro;
brazilian punk;rock;
italian contemporary jazz;jazz;
chinese electropop;electro;pop
new zealand classical;classical;
uzbek pop;pop;
jump up;;
prepared piano;;
electronic djent;electro;
j-dance;electro;
8-bit;electro;
organic ambient;;
african percussion;folk;
australian classical piano;classical;
slovak electronic;electro;
japanese concert band;;
gospel rap;rap;blues
esperanto;;
calgary indie;rock;
dark jazz;jazz;
koto;;
brazilian percussion;folk;
derby indie;rock;
cape town indie;rock;
magyar alternative;;
south african choral;classical;
memphis indie;rock;
japanese r&b;r&b;
classic finnish pop;classical;pop
polish pop;pop;
swedish idol pop;pop;
danish post-punk;rock;
malmo indie;rock;
victoria bc indie;rock;
connecticut indie;rock;
ska chileno;reggae;latino
bible;;
taiwan indie;rock;
hungarian contemporary classical;classical;
swedish synth;electro;
charlottesville indie;rock;
frenchcore;electro;
action rock;rock;
musique pour enfant quebecois;pop;
svensk progg;;
bandolim;;
spanish invasion;latino;
recorder;;
york indie;rock;
ugandan pop;pop;
circuit;electro;
organic electronic;electro;
swedish electronic;electro;
musique pour enfants;pop;
dutch blues;blues;
cuarteto;latino;
hong kong hip hop;rap;
funk das antigas;jazz;blues
baroque woodwind;classical;
french post-punk;rock;
brazilian thrash metal;metal;
uk stoner rock;rock;
bristol electronic;electro;
japanese classical piano;classical;
musique touareg;;
middle eastern traditional;folk;
j-division;rock;
neotango;latino;
glitch pop;pop;
canadian indigenous hip hop;rap;
italo house;electro;
new orleans indie;rock;
channel islands indie;rock;
cante flamenco;latino;
swedish jazz orkester;jazz;
rock alternativo brasileiro;rock;
irish banjo;;
utah indie;rock;
joropo;latino;
deep soul house;electro;soul
atlanta punk;rock;
arkansas hip hop;rap;
dong-yo;;
deep flow;rap;
speedcore;electro;
caucasian classical piano;classical;
northern irish indie;rock;
french death metal;metal;
